x,y,distance
-1151.1130731579178,-1795.4169152490863,0.3126045124661001
-1163.6255806419688,-1786.5818325033713,2.5138888888888875
-1202.3430781836278,-1759.032723500026,8.488754818561427
-1272.086950155319,-1708.917531333368,17.34722222222222
-1346.0618391068738,-1654.9850528932946,26.448005833748464
-1409.1895418916415,-1607.8057379423879,35.480555555555554
-1533.2857778633202,-1515.8637022105795,50.8138888888889
-1552.523314810112,-1502.0973194074415,52.432153190897964
-1780.2511938543712,-1341.9473487361886,69.47330935477083
-1802.131647139628,-1326.7133730535043,72.51388888888889
-1844.8181928048893,-1298.174038985568,88.28379538457362
-1884.0743009937162,-1271.947498940157,94.525
-2014.9050096943593,-1184.0404561958912,108.9127804524404
-2107.3211992401925,-1121.5837183606689,120.03611111111113
-2147.1069790698575,-1094.5997535307188,124.93583653000785
-2306.9904907089217,-986.1135207361318,144.32187680909283
-2373.6694971093543,-941.5060579385467,152.36944444444444
-2468.8727840020238,-877.6970869349499,163.8825377744625
-2549.848830145277,-822.4894792073399,173.7247034076024
-2644.075726239771,-759.6799423390062,185.14722222222224
-2686.0832623255546,-732.1889837019584,190.16603420194767
-2867.2331773056394,-616.4405137219711,211.6075163504718
-2918.081032502613,-584.7125809187149,218.06472222222226
-2994.0542980823147,-537.8186126704962,226.52823922351027
-3142.8068420796503,-446.51088326540554,237.99805555555557
-3277.3070645598646,-363.59786108557506,248.13671839002777
-3404.1671267787124,-283.92139903929376,261.2536111111111
-3506.344339617901,-216.94349586972208,277.80916666666667
-3556.7716647095526,-183.2411665517294,286.22490110703814
-3585.8236035345126,-163.68184058970394,291.00916666666666
-3688.8943700147797,-93.29366851675101,307.50916666666666
-3772.122959365855,-33.665701017256396,319.1650610627176
-3835.945302703598,13.617627498906995,327.1758333333333
-3876.922582451408,44.724598134654435,332.23030241854156
-3965.8466703130457,114.77287870641621,343.45361111111106
-3979.82812237303,126.18286876102759,345.2415376971964
-4079.875087800405,211.7434011855846,358.23404651991615
-4138.697594969125,266.3860133940605,366.16472222222217
-4271.881888126248,409.1627230075177,385.62869830888667
-4345.458162728637,508.9471512130546,398.27583333333325
-4363.365824648234,536.0472743068825,401.6326840924881
-4403.750741347432,603.6790604965051,409.61602133691946
-4442.342686712364,687.1738435478829,417.4091666666666
-4516.123555217428,898.9371691115598,434.9209198319879
-4542.666569611971,1010.1345234720902,448.85361111111104
-4554.712761136164,1115.7224850039452,463.1017292148675
-4558.775314527541,1157.6754778127206,467.52027777777766
-4566.629325960351,1256.3922951367203,477.02244908352407
-4568.1486561448355,1285.5317070656206,479.8758333333332
-4570.433371100923,1365.3258952818016,487.8117533391138
-4570.05009728601,1471.9874144394864,498.41944444444437
-4564.503683260933,1596.6737692770478,510.820391909097
-4552.2952702498515,1734.1836040226065,524.552069627371
-4544.542422777998,1809.306571478298,532.0305555555555
-4536.61278638123,1886.8238991602614,539.7417707865746
-4532.304679872135,1932.0465830417138,544.2527777777777
-4525.8098635802435,2007.2742908530906,551.9914131746177
-4521.107569687891,2074.577750572318,559.5861111111111
-4518.663092156811,2193.0474852085736,571.8527777777778
-4519.775477250147,2235.6239923672792,574.9905781196765
-4532.729516633412,2463.3106034441207,588.7371233559768
-4534.660767122554,2484.679237401093,590.186111111111
-4560.588256759405,2648.698118537732,605.4083333333333
-4595.23748764256,2763.3118593753575,622.115454448191
-4604.5878783945245,2792.3587540456556,626.5638888888889
-4663.691025304409,2947.034784405354,649.2215657831586
-4694.8902163373605,3012.034000607768,656.675
-4723.914650215183,3067.006093486344,662.7768452233204
-4770.326655262465,3144.7904252424173,671.7305555555555
-4821.337827283232,3220.699699631712,680.7942900357049
-4931.281797003719,3362.866093097074,698.6305555555555
-4961.6079065036465,3397.9122975910523,703.1866658324575
-5053.621126190849,3496.2408630557647,716.5638888888889
-5054.113438772001,3496.744106740478,716.6386160892981
-5195.95081110867,3632.8769823019275,736.0664864587324
-5211.0438238638235,3646.855942544794,737.4113888888888
-5362.401754234442,3786.1613048288614,749.5156762573056
-5388.0166253016305,3809.686205892643,752.3558333333334
-5512.548348657585,3931.0095018598636,779.1206530951563
-5542.864115928093,3961.874861531047,781.8002777777779
-5669.214780493381,4090.639164315937,791.4836852048651
-5699.253379018915,4121.285034087691,795.1891666666667
-5737.792037329329,4163.290109560004,808.7510753009437
-5816.0410616181525,4251.119436842796,816.8558333333333
-5888.811119170035,4333.123077266483,824.0817836128521
-5928.621744547158,4379.494038992296,832.7669444444444
-5947.2897692456845,4403.124844996518,838.2553259713469
-5963.313936303035,4423.693315231902,841.6558333333332
-6021.86453957264,4515.608196106938,851.9224999999999
-6022.294859581531,4516.576316664856,852.0071748725669
-6057.730663816094,4625.258028957525,860.2002777777776
-6066.401327850543,4662.125687865265,863.309109833931
-6070.752579316727,4687.437054431755,866.1558333333331
-6069.358248673134,4724.455551613964,873.2669444444443
-6068.914091613123,4734.08182741064,874.7233364997994
-6067.5031171865085,4781.417429564308,880.1002777777776
-6060.782551245517,4816.415769689933,882.8456515597704
-6039.333265177891,4881.512156345626,886.7113888888887
-6024.401566325111,4920.749004741,889.3385328204063
-6002.5634865046095,4961.281697543214,897.7113888888887
-5999.918083180823,4964.630197217086,898.398370755423
-5968.530165235482,5005.396786405107,903.6855555555553
-5942.362698832149,5035.682134083554,907.2646329825195
-5908.850945546224,5066.537546496534,911.852222222222
-5908.431004787556,5066.885341278715,911.9100311533612
-5852.835435587782,5104.516487376844,918.7855555555554
-5845.831072229731,5108.095151321419,919.4000055476823
-5759.106161836638,5146.144985976907,925.9363598975116
-5748.223757329602,5150.619373315388,927.1077777777776
-5722.932766967289,5159.958044793159,931.9522222222221
-5700.735394486454,5165.19370034168,935.0616947872039
-5570.619906230882,5190.0463234818835,944.6188888888887
-5535.709004618847,5195.971787469772,947.342079895027
-5479.026877562929,5204.43059766356,952.8855555555554
-5347.522128246288,5222.555608886926,972.7284192324184
-5308.003362210367,5232.163963879728,977.063333333333
-5222.715667936362,5258.933451936053,985.2802786108364
-5173.479016016159,5281.665634138579,990.3936758400855
-5162.479411327145,5287.8034432846325,991.6077777777775
-5130.378307044882,5308.185982668966,995.2940490145993
-5063.761997804655,5360.192972554599,1003.3855555555552
-5055.414484676454,5367.838521055146,1004.5371479126986
-5033.552226574891,5389.881550573711,1007.802222222222
-5020.692796785056,5405.072972709125,1009.4910597575474
-4967.204774737865,5477.984093242821,1015.3439611491387
-4961.300165774694,5486.753028794817,1016.3355555555552
-4949.623294882355,5509.929866819328,1021.4466666666664
-4946.614156411544,5518.727515251038,1022.9772410187581
-4933.723595197929,5557.599324809886,1027.2466666666664
-4928.82500816342,5582.387127287292,1029.6465396605035
-4929.19799278093,5613.623067923733,1032.8466666666666
-4931.5344743288615,5631.322378314525,1034.7244416862923
-4933.986949440032,5644.244660072368,1036.0853608656448
-4935.170704696896,5648.391096682021,1036.491111111111
-4969.738660254558,5713.6457728642745,1041.8244444444445
-4978.927821394547,5727.727101507487,1043.204840249194
-4999.828861330234,5755.3344697478,1047.2244444444443
-5037.127275496576,5789.733742621369,1053.9305351434862
-5041.264436791463,5793.5917079426345,1054.4213654403368
-5068.037676120585,5817.349540484784,1057.8577777777778
-5109.248402183468,5849.2530091273775,1063.568013568134
-5152.304701316048,5878.768345903464,1068.967877799323
-5156.359380518103,5881.383284932558,1069.4688888888888
-5194.222011634798,5904.321018868178,1074.089567540576
-5235.000333139719,5925.911028021517,1078.882398319614
-5254.531444761312,5935.9556609247265,1081.2466666666667
-5303.215900431289,5959.550831515137,1087.073488694834
-5308.232979086957,5961.763540828702,1087.6355555555556
-5385.7815241557355,5992.436152791182,1096.0705555555555
-5386.4223301281445,5992.667142558219,1096.1448238552427
-5437.054961916447,6009.910593436457,1102.3304772590668
-5524.832503064649,6036.510395520113,1112.0705555555555
-5536.1469463555,6039.470340051243,1112.9755344757382
-5622.219998711821,6060.385765956648,1118.7372222222223
-5667.324135749273,6070.911475252605,1122.306411387538
-5757.0377082814275,6089.792018240501,1136.675895362525
-5764.243548492008,6091.08359826327,1137.6261111111112
-5843.578610849012,6103.780305583412,1145.8408377841074
-5894.265680079639,6109.768669320713,1149.9594444444447
-6062.813063591845,6123.0947236940265,1162.8261111111112
-6063.387488377161,6123.12086813508,1162.8813034587897
-6200.213598398578,6118.696130548091,1181.1372222222224
-6220.256948722457,6116.642256325768,1183.5435847656531
-6313.7361145033365,6105.699570045409,1192.9705555555556
-6384.528244239963,6092.894804483512,1199.0290157627273
-6429.569961390564,6082.427050261703,1202.5705555555555
-6597.819302183567,6032.501340249482,1214.5705555555555
-6689.513759728942,6001.1951025105955,1223.231254585799
-6751.584013572177,5975.396648555901,1234.5705555555555
-6804.627712661646,5945.1435383914095,1245.1430363604597
-6823.429033921493,5934.178250588526,1247.737222222222
-6941.820267701525,5862.30512434557,1261.2499089336925
-7051.099678578274,5782.442677861439,1274.885990443173
-7075.984103114691,5761.653066765305,1277.5594444444444
-7218.04832966391,5632.319258557824,1291.2683333333334
-7244.080438212351,5606.6006282514145,1294.172905189827
-7321.523346335256,5522.213447385512,1305.1572222222223
-7377.8777652714625,5449.588089115127,1316.4461111111113
-7399.699842782995,5421.056560922172,1320.855093599689
-7463.124059992295,5337.403018633856,1333.6461111111112
-7554.629040192101,5211.657793771584,1351.312777777778
-7555.446150763095,5210.49282342075,1351.4611276934572
-7623.087447294713,5113.072830588058,1363.370152818793
-7709.9728055495025,4993.203953419781,1378.2127777777778
-7710.913262769574,4991.9339593031755,1378.3632545906412
-7790.502051149182,4885.803801644688,1390.3016666666667
-7847.683839613665,4811.050545719357,1398.0972434120354
-7958.7283895549535,4668.650547563147,1411.846111111111
-8058.441052918514,4542.531650592823,1426.0197029395663
-8094.088988150397,4497.841931378724,1433.7016666666666
-8166.800382303644,4407.667809125939,1454.4108146588962
-8210.67661519836,4352.705258689212,1462.2016666666666
-8295.230478191155,4246.5813857907115,1474.957222222222
-8315.389151588452,4221.368647446595,1478.3103139425818
-8366.676938414383,4157.466095578836,1487.757222222222
-8415.102958497435,4096.812809720224,1494.4525493354959
-8585.70053089601,3881.7280164601884,1510.7650407942294
-8660.869714595336,3787.1559859703425,1530.3055555555554
-8687.308420968926,3754.104207259355,1538.684718881963
-8820.604926955477,3588.3512540676334,1560.0647894461715
-8848.582607962724,3554.01505505414,1563.1944444444441
-8987.588830509705,3384.3993578916175,1578.1207223465942
-9018.030446216328,3347.2868215266208,1582.9944444444443
-9092.194893063677,3256.670850200677,1602.942048982205
-9108.507767285097,3236.6799474086797,1606.1722222222218
-9193.650368834487,3132.288776765211,1619.4166666666663
-9249.56878281144,3064.061248088896,1627.7497626481056
-9301.536358508476,3001.005033808678,1635.9166666666665
-9322.521128948478,2975.4612752158637,1639.3051655565732
-9448.206402782604,2820.980817094972,1659.182191736753
-9472.190976339636,2791.6397515830913,1662.4055555555553
-9604.066250701577,2630.814578349375,1678.9055555555553
-9616.154797667148,2615.9946305952344,1680.6406398899226
-9713.232115632234,2495.4938987160294,1698.772222222222
-9782.06951140095,2410.0788522618827,1712.1003989497017
-9865.427455137498,2307.8655634146166,1725.2611111111107
-9876.101068818143,2294.726928958899,1726.9996443150392
-10010.651142537137,2128.7669345709323,1748.4388888888886
-10011.36145696203,2127.904785946753,1748.5215880437083
-10192.84762996771,1909.4379257419318,1766.7260257843257
-10205.63909762948,1894.013593777819,1768.3055555555552
-10335.85024307579,1736.8774888510732,1798.205555555555
-10342.64518705975,1729.100209528,1799.9028677852814
-10702.985390459522,1292.1893959984177,1855.7630555555552
-10755.653689180112,1206.3679863235222,1861.7409206359696
-10866.881103401483,1010.3668069249608,1874.596970658006
-10887.794651763672,972.2288221641257,1878.5186111111107
-10911.257214938043,905.7543759002738,1894.749562434766
-10933.555019869122,818.3158706858525,1902.740833333333
-10973.244793003856,646.4330690904887,1915.1909657961119
-10978.996264726453,585.276926606123,1922.640833333333
-10975.053198361671,526.2967728679823,1932.101156439432
-10974.510688536055,502.2772728960383,1935.0408333333328
-10964.960917708011,380.5602096067067,1945.9915636354908
-10937.603997832217,275.863954002013,1952.6408333333327
-10925.956102064201,237.83451340384195,1955.6035326864535
-10913.306219813125,201.5713451053352,1960.2408333333326
-10893.531412484454,168.9241404135802,1968.6846087924532
-10862.548256828586,118.58791070161067,1974.9074999999993
-10834.319872978052,77.93516531614438,1979.5691576382317
-10806.814767959751,45.7747677944295,1983.9074999999996
-10775.121028049003,15.96342369896475,1988.420630068455
-10711.108157914592,-30.444561508736395,1996.084166666666
-10695.109473236067,-40.27847435236693,1997.8916656784977
-10633.361338254326,-73.40996822712258,2004.695277777777
-10616.620801700687,-81.56440949511459,2006.5054810866677
-10552.596013278844,-110.43267291809755,2013.3619444444437
-10519.10880495524,-123.18664502753391,2016.9515312549706
-10109.766676742656,-167.9031342214528,2059.7508333333326
-10109.298277226002,-167.91170916704056,2059.796041631644
-10034.20436721276,-169.2918102224294,2066.953350814072
-9943.378848169046,-173.55042468143338,2075.6508333333327
-9898.798012611347,-178.57184974585925,2079.9823120322444
-9825.254913839266,-192.98504514660007,2087.395277777777
-9818.183656012472,-194.76831572302206,2088.227481439684
-9755.348937319724,-217.58931760294445,2097.1802135244407
-9700.404646753024,-243.68768793754413,2102.959660038593
-9694.22685919399,-246.89736917694472,2103.6508333333327
-9674.896383627009,-257.80606292526807,2105.8768294799625
-9640.786190338455,-281.99205485844817,2109.473055555555
-9543.054502846186,-372.9821550045717,2119.1952777777774
-9542.786418164265,-373.2658265896395,2119.229130011784
-9489.127013707996,-444.79006284067003,2129.7730555555554
-9475.335455564793,-470.9713415025891,2133.6458937295884
-9453.183415359588,-519.4658825352682,2139.9063888888886
-9441.492581197595,-551.8395049203774,2143.681506637188
-9429.823497085685,-599.4612696502691,2148.6176882994787
-9426.78122482993,-628.2678663151311,2150.9755555555553
-9426.089250938518,-706.3960881413122,2156.9355780142855
-9427.501468148152,-727.3680316744404,2159.22
-9443.564303716319,-779.0502176207372,2166.930481710016
-9445.79560760591,-783.8593690179407,2167.4644444444443
-9493.94277116021,-873.3274573175783,2175.8644444444444
-9494.285755182018,-873.8781373554481,2175.925184253182
-9531.654961609458,-923.2542924368905,2183.2644444444445
-9558.697277333014,-949.1719340069096,2187.815076144796
-9592.44501968119,-977.7884065658465,2192.3644444444444
-9624.875979238486,-1002.5140319606535,2196.4837187292956
-9655.783159240142,-1023.2329728153438,2200.5644444444447
-9689.544492443752,-1041.794859342725,2204.17564162738
-9751.346524268103,-1070.3851663943346,2209.1644444444446
-9760.453647088054,-1074.289347915878,2209.967932218259
-9823.497126606404,-1096.5522030392801,2218.097777777778
-9864.412498017387,-1105.936738226175,2223.6893030886326
-9870.283315024406,-1107.2059921265022,2224.3644444444444
-9926.025734325547,-1118.094415291921,2230.1154962574356
-9983.695415637902,-1124.831266923233,2235.838611111111
-9993.809813079333,-1125.4645352027865,2236.7712151504365
-10111.118783593707,-1125.0926732796092,2246.3052777777775
-10178.046720217872,-1121.8921343258557,2252.7853644902953
-10248.047389985753,-1114.4240605713046,2263.1052777777777
-10279.578485190743,-1108.4273394334834,2266.062448739039
-10385.502199789744,-1085.8876233409324,2272.938611111111
-10444.944359683379,-1072.1764421578914,2277.060072610051
-10507.015363808858,-1055.9691234092215,2283.271944444444
-10595.703266234457,-1024.4087533345519,2293.078129212667
-10677.308196665697,-992.6150205793616,2298.5941666666663
-10740.779923293743,-967.4371500878256,2303.1768706133444
-10799.46134220558,-943.6729638110102,2310.038611111111
-10878.41805941983,-906.50583662317,2324.371944444444
-10879.000442550705,-906.2236870561052,2324.4325674100974
-11098.552818848575,-799.009115562071,2341.638611111111
-11112.118680535783,-792.289990904648,2342.9679112370773
-11198.658119258722,-747.9764670412807,2357.1052777777777
-11247.724921775416,-719.9785302856101,2366.36606573383
-11294.999658756873,-692.2093340725365,2372.9719444444445
-11407.224538950752,-622.4855965882333,2385.3341828185476
-11554.836164691966,-521.5756964493692,2399.30318117024
-11567.047390890097,-512.9200591572736,2400.638611111111
-11649.818176544537,-451.94035143670277,2411.9275
-11715.020572557425,-399.45502734827693,2423.2608333333333
-11732.721405794728,-384.70042111517097,2426.2029264879657
-11861.052395270299,-269.8841275612037,2443.638611111111
-11861.833198776414,-269.135958960692,2443.7119167827586
-12040.080129423553,-93.24954187604659,2458.4154072688957
-12064.392452111982,-68.77592457740187,2461.3052777777775
-12150.377994175391,27.974964850875388,2485.4397787045637
-12167.784690049579,48.54885538668122,2488.33
-12199.443332847439,86.29813812700363,2493.0588154363086
-12246.795248794115,145.43413032190054,2500.5522222222226
-12310.578785520134,231.50802470238392,2511.4143650706965
-12335.71431109739,267.76584322357655,2515.8855555555556
-12418.129473346138,397.9143650644172,2531.496666666667
-12434.452512125166,426.3035581649915,2534.783739906662
-12492.691785715184,536.1821634048838,2547.1633333333334
-12507.36681689422,565.843889825933,2550.466560775777
-12546.860233460897,649.8046298399051,2559.785555555556
-12560.385309035646,680.0631504217256,2563.1203433944174
-12609.510936359102,797.4201814853855,2575.9114594436264
-12653.867931453411,915.8020091952731,2588.5855555555563
-12680.38204963542,993.0659974462064,2596.7602233318366
-12713.712863432296,1098.3872393743097,2607.852222222223
-12727.76588635911,1146.5057967726614,2612.8672728924375
-12761.145556927178,1271.4169555726949,2625.893328017782
-12778.752761939759,1342.03322071876,2633.8966666666674
-12804.823720893764,1462.0087129823687,2645.592106052032
-12862.74871950331,1786.00849188392,2666.6744444444453
-12863.277024178784,1789.1680187266336,2666.9211404143443
-12900.403635471375,2050.031229497967,2701.5699124192297
-12906.36045278628,2092.0287526179395,2706.3569444444456
-12930.823217290446,2262.098787228877,2723.018413980596
-12952.571887478663,2426.4398817397873,2739.518408220951
-12956.689697944912,2457.572801272704,2742.6569444444453
-12970.13580229794,2556.906386622157,2752.658246013194
-12991.291181042216,2704.257837073743,2767.5588377240983
-13002.539264749405,2784.967987730713,2775.768055555556
-13014.004342560751,2867.564641260932,2784.1535732112898
-13030.477738725087,2982.4330496789285,2795.7013888888896
-13037.786693899709,3032.8353276054568,2800.7671300715974
-13071.832639140483,3262.787221732603,2824.0211525996774
-13074.286066244913,3278.4314038893303,2825.6013888888897
-13076.981885839741,3295.627521037423,2827.348389824156
-13101.953757972962,3465.4609324743856,2845.6013888888897
-13116.177077779776,3558.4197144693894,2854.049654909546
-13133.60323075857,3666.563692873242,2862.3236111111114
-13159.404732524587,3822.0717007415647,2874.0506537860515
-13178.399294821462,3935.040820650918,2885.579166666667
-13197.759802327435,4048.9003307677235,2902.1347222222225
-13206.11915270429,4099.6104601019,2908.777380801019
-13286.575537710853,4713.393935086652,2969.5680555555555
-13286.61620096386,4714.175530067235,2969.647930947286
-13287.876720866885,4869.878564436431,2985.5125000000003
-13286.69236842798,4888.2789309487725,2987.170655779246
-13271.197124397648,5023.739400446751,2998.045833333333
-13256.218908792292,5104.474139632573,3004.306114321043
-13214.35653807805,5253.111818429691,3016.445833333333
-13162.123920852411,5389.931900509018,3030.062187517681
-13124.137134111841,5471.561167731244,3043.3708333333334
-13083.269044909386,5536.577399701873,3055.370833333333
-13075.589386755542,5548.048232393608,3057.023946990232
-12997.763734465369,5659.597694633228,3070.4263888888886
-12970.716822805303,5696.798846948652,3075.104535665972
-12917.139542838027,5766.635143562471,3085.5374999999995
-12851.259495832855,5829.048410398205,3093.2705735440086
-12746.959939848952,5911.505798110075,3100.7041666666664
-12661.264214102483,5975.768528037867,3106.916860965377
-12571.409259278353,6039.87963141924,3118.9041666666667
-12470.802544337623,6080.479331446023,3138.975729813681
-12416.121954319715,6104.052057299454,3143.4375
-12229.267243904682,6183.971836704949,3155.920144957087
-12021.869111845575,6257.661684512474,3174.3263888888887
-11897.89146753013,6293.603469148159,3190.105471002652
-11808.24200554077,6319.727903733833,3205.515277777777
-11725.212279996873,6343.151941837621,3217.959722222222
-11710.646877568539,6347.170842894829,3219.676349299215
-11606.12911465972,6375.482456024382,3230.4930555555547
-11604.584546495058,6375.889859717474,3230.6506047081016
-11421.058323867923,6421.322508861181,3249.709030265732
-11356.981730261303,6435.849488898591,3255.915277777777
-11288.012440464925,6450.983812094793,3262.4299935448234
-11222.535846207724,6465.018723842618,3268.6263888888884
-11139.011203326327,6482.202898102664,3276.661196773398
-10966.936225526659,6513.728490456031,3294.1374999999994
-10903.342160210686,6524.453366939806,3300.625960637681
-10792.898371365402,6542.318682652051,3311.8695545892724
-10748.861726430398,6549.171643933932,3316.615277777777
-10569.872414033984,6574.12154976187,3334.4182147099514
-10549.410649704805,6576.6600198174865,3335.94861111111
-10355.238466192615,6599.457763250693,3348.837499999999
-10314.761251747848,6604.043028285111,3352.147345835521
-10205.360489884082,6615.438735730528,3368.2374999999993
-10154.208323564799,6619.655755524404,3376.3835605881104
-9981.49211854644,6632.689703114871,3394.015277777777
-9912.6698388965,6637.095951169581,3400.5423172199608
-9784.359332892016,6643.709788616489,3413.34861111111
-9735.882361004227,6646.271334566981,3418.250170071155
-9656.959811773866,6650.968205775203,3426.193055555555
-9560.164072932379,6657.410600121717,3435.8862865227493
-9400.470937589538,6668.990864556231,3451.8777590592513
-9369.894578366635,6671.28269765098,3454.9930555555547
-9307.667188663572,6676.23408105764,3461.460263198939
-9125.302159769615,6697.611551359484,3480.5954318656045
-9049.800064175233,6709.801222032255,3486.8819444444434
-8881.475110329959,6740.552007638942,3499.593055555554
-8828.984371676132,6750.98540693865,3504.430205537517
-8704.113014640228,6780.406855807887,3521.759722222221
-8644.458758221977,6796.4529555790605,3529.7383964918563
-8553.282591063677,6821.6503074701095,3539.2075433825316
-8420.038169015563,6863.434338858396,3550.0808333333325
-8209.054331924686,6935.733196678528,3567.5344810873958
-8197.182247857536,6939.978670991076,3568.9474999999993
-8077.775628276164,6987.346198609858,3589.4779498702674
-8043.525013868137,7002.0271136195015,3594.014166666666
-7863.518693358379,7080.6160315673205,3612.747499999999
-7833.346853852273,7093.941574839949,3616.0173265226645
-7718.023503939354,7143.99679399702,3628.4545105896186
-7642.031996813969,7174.203930172938,3634.525277777777
-7472.1416452313115,7237.634988972565,3647.1654623879363
-7374.832627166163,7269.212099029507,3659.4141666666656
-7273.624560198889,7283.5911305668105,3677.8413333884328
-7249.224153442479,7286.202296834294,3680.7252777777767
-7141.914368012584,7294.194209093655,3691.586207874528
-7036.067344301869,7290.553962442193,3701.9586111111103
-7003.614539420221,7288.01704054139,3705.1988361035137
-6824.803223622538,7265.235129300044,3723.03361111111
-6805.582863106277,7261.912344100152,3724.678951642076
-6562.173558765944,7212.7487099801065,3743.9558333333325
-6560.7067213318915,7212.428253831753,3744.1051847383733
-6441.574274371581,7184.923848230073,3761.889166666666
-6378.21160479312,7172.773084692027,3768.0368081064585
-6189.617844706818,7140.428225178492,3779.822499999999
-6117.554606766645,7129.8437313329805,3784.3727781311427
-5918.7433160133405,7116.120164890156,3802.93361111111
-5851.913349182427,7116.106108937704,3812.9352744249363
-5844.179842888236,7116.027422650727,3814.2669444444437
-5791.039196985474,7114.641342195635,3825.3336111111103
-5710.721329095328,7129.984852003754,3836.3113888888884
-5694.463291970542,7134.612310167947,3837.7291994484617
-5455.158375091203,7216.013518742347,3853.4941033615214
-5384.05874839899,7244.745195482268,3859.9113888888883
-5247.600464825418,7334.041599214516,3885.689166666666
-5247.161363897133,7334.344593842396,3885.7526826625567
-5136.638265716448,7407.246204034096,3898.3345039478086
-5044.1561566557075,7463.981005466787,3905.689166666666
-4978.9121967663,7503.809588261936,3911.8477029887817
-4949.629189438099,7522.799774097723,3917.8002777777774
-4916.067967731558,7538.023662515508,3927.2851452670843
-4835.306347518804,7567.111118120181,3934.211388888888
-4670.906303876915,7623.6318313781985,3945.8424024417886
-4652.526048967324,7629.617534139264,3948.078055555555
-4608.741190976622,7636.427071079452,3959.4113888888883
-4583.2391070728545,7634.69811370417,3962.8288710013394
-4483.966070647817,7626.971883796336,3970.578055555555
-4349.33405947633,7612.8479716252805,3979.566918713326
-4298.76982855028,7604.514407767094,3983.978055555555
-4146.87744008772,7546.4822483018625,4004.078055555555
-4136.704925562823,7541.224990598297,4005.25458596153
-3931.464932244172,7423.315936058113,4026.756123240721
-3916.717475416607,7413.333640441493,4028.9547222222213
-3848.5687760610754,7355.024516436908,4043.088055555555
-3834.520837787962,7340.648877624505,4045.6019216979425
-3754.3569904108617,7251.392182784841,4057.73806808745
-3724.755570933504,7212.7566062088345,4062.5547222222217
-3644.279161551849,7086.01676536059,4077.688055555555
-3630.692660786045,7062.592994284348,4080.3874626436723
-3598.686765166727,7005.675311218315,4086.8769616555223
-3547.470352276478,6914.40714014726,4097.424233225729
-3526.00706694369,6879.975711675806,4101.288055555555
-3421.053495033694,6734.201343729155,4117.488055555556
-3385.607079667367,6691.920554079091,4123.1548827210845
-3322.788693274706,6627.400750367766,4133.954722222222
-3287.1401019336004,6594.2975327368995,4139.70406525115
-3250.1640247319992,6560.8535446097385,4145.135277777777
-3154.9952369741536,6477.838378245509,4157.919751732831
-3145.4155472595417,6469.7118314375575,4159.190833333333
-3012.14315637349,6362.300828164827,4176.2575
-2971.8338457626774,6333.14247377867,4180.715830592445
-2828.429180309754,6238.08932061511,4195.240790228886
-2816.5367062736386,6230.662078491573,4196.5575
-2728.290210969625,6178.547849189753,4206.998046401657
-2594.752550377436,6108.165371231348,4221.795783947714
-2558.908813075761,6089.685037898173,4226.224166666667
-2406.3752977086533,6014.682695419401,4242.979620935113
-2199.8821226996033,5920.291274447755,4256.66861111111
-2198.9398203331025,5919.864328390763,4256.745216478196
-2095.5879554469548,5873.801587152291,4275.135277777777
-1972.3065202639743,5819.712706837359,4290.863883114676
-1786.3119437129571,5737.153531129216,4301.929314849529
-1764.7337304224416,5727.597253262773,4303.435277777778
-1603.3798246746837,5657.41351836979,4328.946388888889
-1552.6131088612901,5635.247424398691,4337.0524223704415
-1405.2584741743462,5570.350493529217,4353.185156400676
-1391.0135339443696,5564.131282290175,4354.724166666667
-1219.392836624688,5489.973980939033,4374.2575
-1204.0985377345303,5483.317856136517,4375.974096946219
-1129.9215249775489,5450.886840450131,4384.164064634118
-949.0635005484373,5372.150730566553,4403.922663939273
-919.7119329766966,5359.353075142127,4407.146388888889
-798.6757938837336,5306.359107360167,4420.492525862223
-662.4889557775123,5246.075236162061,4435.463596395967
-587.5196091503678,5212.691261976199,4443.690833333334
-480.5617415279766,5165.375244121146,4455.398359250558
-435.6461260801287,5145.8544968337455,4460.301944444445
-373.88072985584654,5119.070149923955,4467.043156159773
-251.92965980481006,5065.293421561147,4480.383387065094
-192.05606350724474,5038.734974956887,4486.968611111111
20.44401640763262,4944.725679164934,4510.380571229975
49.499901676900315,4932.05025733011,4513.551944444445
173.86479505009606,4878.039363621638,4527.095113949121
355.26297654158503,4798.056348551957,4546.996388888889
356.79140012665084,4797.374271077426,4547.163215413489
402.5317762699651,4776.958150234619,4552.165079630757
538.9679670930224,4717.5093470430165,4566.99638888889
540.7173960302247,4716.744078029918,4567.163366649415
747.6726898799825,4625.125743874969,4583.718611111112
902.5381433785552,4556.2736857817035,4597.216920888747
976.393793194741,4523.699689869302,4607.051944444444
1071.3929958673598,4481.888723964254,4623.774166666667
1085.46474845511,4475.608593237493,4625.614056457748
1228.390221510405,4411.324115817744,4640.49638888889
1314.201528668384,4372.528598196435,4649.108277726084
1358.1567143114942,4352.612197545474,4653.874166666667
1498.5487946594576,4288.735417780767,4670.680000000001
1542.9732083783606,4268.449212328359,4675.86383070619
1708.19948686975,4192.921861616477,4694.091111111113
1709.7350627390974,4192.222681972003,4694.258332699226
1892.7663663057597,4108.559416946735,4714.327670926575
1998.5875851376804,4058.2218599447633,4726.033277709907
2081.9062637017687,4018.6903591449,4734.224444444445
2276.342109948946,3926.8353159348535,4752.689640213795
2371.6107934468946,3881.498792663391,4764.324444444445
2467.567713210226,3835.2583318217476,4777.746666666669
2509.3905489406193,3814.9004014374345,4782.860728157181
2629.51733482113,3756.056919946126,4796.253445517664
2697.978017511598,3722.4839505583145,4804.502222222223
2794.4898045080436,3673.764245634251,4814.536203996775
3029.69990336821,3549.784140122264,4830.902222222224
3086.039098494715,3519.8454060600343,4835.877373876496
3169.3700580129334,3474.8503911512526,4853.613333333335
3199.309746572902,3456.7600647837326,4860.149918924655
3269.1843303168966,3413.6028956103683,4869.668888888889
3453.126485609765,3294.519308545687,4888.3103873079945
3524.8174525537975,3242.2695601905366,4897.168888888889
3618.7398408146773,3165.2203658672115,4910.188241441435
3671.3517486478218,3118.7765041944513,4917.157777777778
3712.7904612799375,3079.4504364624395,4922.808512831412
3784.710717610725,3000.943102180037,4933.691111111112
3825.4361026528372,2948.301820458732,4940.380083676126
4027.1911260852735,2477.664605368962,4987.957777777779
4032.119712277721,2445.2085035557657,4991.664670921933
4036.3785498379457,2395.3108140592963,4997.691111111112
4033.566470455235,2289.1639365539763,5011.115346678963
4028.1414248760634,2217.8379399582727,5019.591111111112
4006.449688609625,2120.1145942235858,5028.24484196839
3943.4595354814346,1946.8106975308478,5039.370428668666
3930.8545379206366,1916.7145625332353,5041.729444444446
3878.7787681477757,1819.5375244841323,5054.173888888889
3839.140058283762,1769.5532641813425,5064.085000000001
3827.095569138156,1754.6325839568503,5066.707457117918
3789.6079589484634,1708.7070572001087,5074.129444444445
3745.427901531568,1657.723388997343,5081.852690389167
3714.422801188342,1624.753280301768,5086.796111111112
3636.056486742065,1551.8418815140128,5097.043601033068
3557.484333923742,1490.2143960845124,5104.529444444445
3412.3231677050953,1387.500165915089,5117.307222222223
3398.9629327323373,1378.4618173571544,5118.781080029814
3335.5336365455523,1337.6462247031002,5127.57388888889
3269.1143067869853,1301.051158609569,5140.527222222223
3242.0966566223997,1285.9308959340929,5144.551130157632
3157.7195228503697,1237.9569520018185,5155.000940225226
3125.498714986198,1219.6222630364457,5158.805000000001
3049.845602183717,1175.153948570417,5166.8309752371
2854.156954811282,1048.9008490473327,5182.605000000001
2840.44310077955,1039.763430417638,5184.073097460264
2742.842284356708,969.3142953371083,5204.237448580289
2711.5256929008765,945.4030969762546,5209.493888888891
2604.488535583652,862.4207024494054,5221.689321315975
2449.863427425988,738.9902337442971,5233.793888888891
2434.132075426635,726.3924830139856,5235.219855145669
2356.1667831521045,663.9872134865387,5244.68277777778
2271.113761758353,596.8119602513216,5263.816111111113
2252.062121319009,581.9503430019829,5266.634921674006
2198.4916057010587,540.0552376025815,5273.532240811133
2126.291202337069,481.35365137021034,5283.105000000002
2113.8479705327622,471.0591868062036,5284.545078312327
1916.9689568058027,306.2412372211675,5302.160555555558
1855.269105859803,253.90262866336673,5308.943450873318
1815.307377191851,219.42561172458826,5315.549444444447
1769.687922043966,177.71287018871146,5328.771666666668
1756.2976987235677,165.3946597030886,5331.453484602305
1644.237014241474,62.4506492741343,5346.893888888891
1604.104770936407,24.99767707321815,5352.06809437371
1528.1150315286357,-47.22143100475556,5362.160555555558
1527.5958603710735,-47.716741057616055,5362.223862431319
1439.4781543452384,-131.84325224609032,5372.312735399308
1401.3544029093475,-168.37464933944418,5377.160555555558
1333.395483339337,-233.21744335031505,5386.538333333336
1332.965314049983,-233.6224979312367,5386.5946096939815
1264.172334127182,-298.06259347229815,5395.201273290513
1233.2201699036093,-327.79423645400834,5399.205000000003
1189.6622052158866,-370.7072126097274,5405.053639729896
1176.224706796942,-384.11284951972925,5406.849444444447
1118.185148282351,-444.2465240840682,5414.557133867973
1059.8688686283879,-515.0144993915029,5423.0716666666685
1059.6303731066587,-515.3333604472383,5423.110177622112
1016.8215546863544,-578.8660690740347,5430.749046607409
1002.6370377049033,-604.5006885224014,5433.727222222225
978.5211161123359,-656.8006880699913,5439.601388888891
972.991140519682,-670.4515198507709,5441.0854338276395
959.3264589890905,-708.951863728034,5445.140567257822
948.0793530729673,-759.3750985361213,5450.18493895124
944.1590621328277,-796.3918401464765,5453.779166666669
942.701688709502,-834.6086065361735,5457.396357463174
945.2095273609747,-907.9750630552086,5464.279166666669
945.284251465487,-908.5635277355866,5464.336992897245
956.0586432404864,-959.218364443238,5469.545971683612
964.6773484752383,-985.3332870762362,5472.3680555555575
982.4171888647147,-1026.3393527596766,5477.021811925155
1005.8346664239373,-1066.5465877400043,5481.584145436489
1025.2173902692634,-1092.943397054871,5483.812500000002
1083.9576959232004,-1165.3981391881614,5489.786666666669
1084.3487271140245,-1165.8669898432645,5489.848430850964
1112.5537618281276,-1199.9033823779655,5498.987778333807
1135.6702993390406,-1232.387080851212,5502.89777777778
1175.178356720686,-1289.6190964358545,5508.1422222222245
1183.142494895467,-1301.501762108884,5509.5306189685925
1205.8906235689917,-1340.2688869174772,5516.1422222222245
1212.6388109875625,-1372.5156152432914,5519.543513782626
1215.8828087265533,-1399.2650890152795,5521.4755555555585
1221.9633027137681,-1496.2655803101468,5527.502486211019
1221.2218290770822,-1528.297119669454,5530.8088888888915
1207.5562214104284,-1570.8137929535023,5539.581549017645
1196.0962062849865,-1611.2860858151644,5544.253333333336
1179.7160604760616,-1661.8408517829982,5548.987757803172
1176.9870257975485,-1668.8871033780104,5549.631111111114
1143.8515230947078,-1741.8866867664312,5556.464444444447
1140.708102960972,-1748.2548509411265,5557.1747748883445
1115.4082237931427,-1794.6103357166228,5564.664444444447
1086.6045845504884,-1832.1941700687348,5571.668982863832
1045.2361558369823,-1879.6668264698208,5578.3733506630215
1028.6378981295838,-1897.079336609073,5580.886666666669
993.0140260130762,-1931.5209406427107,5586.108097675391
941.5469905392716,-1976.3444195297643,5593.150939605504
914.6598539654154,-1999.2690202119327,5596.686666666669
880.3303432721937,-2028.5126291729766,5601.2632020690235
848.5752791455532,-2055.6613379142073,5605.853333333336
809.2942852184372,-2086.0267879183093,5610.685547698931
702.3689926757258,-2154.947011456684,5619.542222222225
660.3882362279496,-2177.2791225407314,5622.612503183957
504.0755625085633,-2239.5746388209336,5633.931111111114
466.88079990797684,-2252.07800013172,5637.209646533711
348.0882863941529,-2284.362108921417,5654.031111111114
271.2920883632075,-2295.930661581819,5664.675164145334
178.62793742405154,-2307.1714413913046,5674.283013806102
167.22919147515998,-2308.272946976998,5675.431111111114
106.77649636878417,-2312.682377634942,5681.5596506182455
24.38570017585052,-2313.383033732678,5690.09777777778
11.729669311862558,-2312.999657340622,5691.402481627541
-137.80775485462772,-2300.210647462951,5706.575728633141
-174.80448692359758,-2294.7778259499887,5710.364444444447
-299.34037468685983,-2269.028750267659,5723.299444444447
-313.13263812075286,-2265.3081359814028,5724.746092046937
-474.98521122399796,-2208.493046495566,5741.966111111114
-476.23322956308476,-2207.965332848302,5742.101374931726
-612.5945651528186,-2142.6845075151004,5757.127912088031
-623.6737861091495,-2136.8253614051578,5758.366111111113
-737.1377083018358,-2071.9879340863736,5770.942074355237
-870.2343700142458,-1985.5803033989607,5785.045903740006
-880.6841548867195,-1978.6566383493457,5786.255000000003
-1042.7164696449156,-1869.7545535220204,5806.4772222222255
-1092.6162999563846,-1835.2497435143862,5811.0709898304385
-1172.3944566422176,-1779.607227987652,5817.286725526687
